Unnamed: 0,tx_dt,new_agmt_cd,new_close,new_close_pl_rate,new_close_pl_rate_ln,new_settle,new_settle_pl_rate,new_settle_pl_rate_ln,new_vol
0,2021-09-01,IF2112,4793.4,0.0172,0.01705375460343893,4789.6,0.0185,0.01833095672786076,23379.0
1,2021-09-02,IF2112,4791.8,-0.0003,-0.0003000450090034531,4790.6,0.0002,0.0001999800026803748,14777.0
2,2021-09-03,IF2112,4777.2,-0.003,-0.003004509019245997,4780.4,-0.0021,-0.002102208091382417,19219.0
3,2021-09-06,IF2112,4855.2,0.0163,0.01616858119555961,4864.0,0.0174,0.01725035344496828,19514.0
4,2021-09-07,IF2112,4927.0,0.0147,0.01459300233081518,4934.4,0.0144,0.01429730472766213,20879.0
5,2021-09-08,IF2112,4899.2,-0.0056,-0.005615738781754949,4901.4,-0.0066,-0.00662187630344831,21224.0
6,2021-09-09,IF2112,4896.4,-0.0005,-0.0005001250416715135,4891.8,-0.0019,-0.001901807289205096,14867.0
7,2021-09-10,IF2112,4959.4,0.0128,0.01271877242919253,4967.2,0.0154,0.01528262356165909,23198.0
8,2021-09-13,IF2112,4927.0,-0.0065,-0.00652121698499426,4922.4,-0.009,-0.009040744641920905,22009.0
9,2021-09-14,IF2112,4856.0,-0.0144,-0.01450468617664253,4858.4,-0.013,-0.0130852395272404,25164.0
10,2021-09-15,IF2112,4811.0,-0.0092,-0.009242581356239083,4798.8,-0.0122,-0.01227503085674672,23682.0
11,2021-09-16,IF2112,4767.0,-0.0091,-0.009141657906823834,4769.4,-0.0061,-0.006118681003549901,22877.0
12,2021-09-17,IF2112,4817.8,0.0106,0.01054421389056636,4817.0,0.0099,0.00985131606342795,22591.0
13,2021-09-22,IF2112,4788.8,-0.006,-0.00601807232109024,4786.4,-0.0063,-0.006319928739875291,20329.0
14,2021-09-23,IF2112,4809.0,0.0042,0.00419120462096075,4804.4,0.0037,0.003693171839573405,15461.0
15,2021-09-24,IF2112,4826.2,0.0035,0.003493889256014898,4830.0,0.0053,0.00528600443313657,17603.0
16,2021-09-27,IF2112,4866.0,0.0082,0.008166562675459954,4854.8,0.0051,0.005087039052177698,23868.0
17,2021-09-28,IF2112,4850.2,-0.0032,-0.003205130947741084,4853.2,-0.0003,-0.0003000450090034531,17873.0
18,2021-09-29,IF2112,4827.0,-0.0047,-0.004711079727417859,4829.8,-0.0048,-0.004811556994400123,22351.0
19,2021-09-30,IF2112,4828.2,0.0002,0.0001999800026803748,4837.4,0.0015,0.001498876124097972,13336.0
20,2021-10-08,IF2112,4906.8,0.0162,0.01607018021107633,4907.2,0.0144,0.01429730472766213,19392.0
21,2021-10-11,IF2112,4908.6,0.0003,0.0002999550090230824,4916.8,0.0019,0.001898197283638388,18125.0
22,2021-10-12,IF2112,4854.8,-0.0109,-0.01095984022128959,4837.6,-0.0161,-0.01623101307771698,22785.0
23,2021-10-13,IF2112,4913.8,0.0121,0.01202738023194199,4915.6,0.0161,0.01597176954288849,21694.0
24,2021-10-14,IF2112,4891.0,-0.0046,-0.004610612555099904,4896.0,-0.0039,-0.003907624829186111,18633.0
25,2021-10-15,IF2112,4920.4,0.006,0.00598207168250158,4922.4,0.0053,0.00528600443313657,21150.0
26,2021-10-18,IF2203,4820.0,-0.0157,-0.01582455031584968,4810.4,-0.018,-0.01816397058699927,7395.0
27,2021-10-19,IF2203,4867.2,0.0097,0.009653257040687141,4871.6,0.0127,0.01262003137719995,5448.0
28,2021-10-20,IF2203,4860.6,-0.0013,-0.001300845732883183,4861.6,-0.002,-0.002002002670234889,4827.0
29,2021-10-21,IF2203,4888.0,0.0056,0.005584378298236774,4871.8,0.002,0.001998002663286734,4985.0
30,2021-10-22,IF2203,4926.2,0.0078,0.007769737272590648,4929.4,0.0118,0.01173092289401547,6465.0
31,2021-10-25,IF2203,4944.0,0.0036,0.003593535511986358,4944.4,0.003,0.002995508981110782,5829.0
32,2021-10-26,IF2203,4922.8,-0.0042,-0.00420884477191699,4920.8,-0.0047,-0.004711079727417859,6093.0
33,2021-10-27,IF2203,4847.8,-0.0152,-0.01531670408269458,4845.6,-0.0152,-0.01531670408269458,5965.0
34,2021-10-28,IF2203,4846.0,-0.0003,-0.0003000450090034531,4837.8,-0.0016,-0.001601281366707685,5407.0
35,2021-10-29,IF2203,4876.6,0.0063,0.006280237962594482,4875.8,0.0078,0.007769737272590648,6155.0
36,2021-11-01,IF2203,4862.2,-0.0029,-0.002904213146410412,4867.4,-0.0017,-0.001701446639452333,4840.0
37,2021-11-02,IF2203,4816.8,-0.0093,-0.009343514992222576,4806.0,-0.0126,-0.01268005313725309,8054.0
38,2021-11-03,IF2203,4792.8,-0.0049,-0.004912044358075472,4799.2,-0.0014,-0.001400980915432082,6024.0
39,2021-11-04,IF2203,4837.6,0.0093,0.009257021274244246,4837.4,0.0079,0.007868958387130632,4682.0
40,2021-11-05,IF2203,4825.2,-0.0025,-0.002503130217405964,4832.0,-0.0011,-0.001100605443922473,3984.0
41,2021-11-08,IF2203,4820.2,-0.001,-0.001000500333496226,4825.6,-0.0013,-0.001300845732883183,4207.0
42,2021-11-09,IF2203,4816.6,-0.0007,-0.0007002451143599703,4818.8,-0.0014,-0.001400980915432082,6421.0
43,2021-11-10,IF2203,4782.4,-0.0071,-0.007125324936273927,4773.4,-0.0094,-0.009444458816830861,7809.0
44,2021-11-11,IF2203,4870.0,0.0183,0.01813457023774924,4863.8,0.0189,0.0187236140430034,7531.0
45,2021-11-12,IF2203,4867.0,-0.0006,-0.0006001800720116853,4866.0,0.0004,0.0003999200213656698,4544.0
46,2021-11-15,IF2203,4868.0,0.0002,0.0001999800026803748,4864.4,-0.0003,-0.0003000450090034531,4730.0
47,2021-11-16,IF2203,4864.0,-0.0008,-0.0008003201707203841,4863.0,-0.0002,-0.0002000200026706507,6222.0
48,2021-11-17,IF2203,4860.4,-0.0007,-0.0007002451143599703,4858.6,-0.0009,-0.0009004052430974332,5370.0
49,2021-11-18,IF2203,4810.6,-0.0102,-0.01025237645118086,4811.2,-0.0097,-0.009747351442979363,8651.0
50,2021-11-19,IF2203,4878.0,0.014,0.0139029051944224,4874.0,0.013,0.01291622528861112,10921.0
51,2021-11-22,IF2203,4885.2,0.0014,0.001399020914026943,4889.6,0.0032,0.0031948908980026,8690.0
52,2021-11-23,IF2203,4887.0,0.0003,0.0002999550090230824,4887.4,-0.0004,-0.0004000800213363738,8388.0
53,2021-11-24,IF2203,4898.6,0.0023,0.002297359049479441,4901.8,0.0029,0.002895803113256316,10756.0
54,2021-11-25,IF2203,4877.2,-0.0043,-0.00430927158585322,4877.2,-0.005,-0.005012541820473292,9122.0
55,2021-11-26,IF2203,4835.0,-0.0086,-0.008637193386335703,4837.6,-0.0081,-0.008132983221929365,9388.0
56,2021-11-29,IF2203,4835.0,0.0,0.0,4826.2,-0.0023,-0.002302649062080683,10616.0
57,2021-11-30,IF2203,4814.2,-0.0043,-0.00430927158585322,4803.8,-0.0046,-0.004610612555099904,12782.0
58,2021-12-01,IF2203,4827.0,0.0026,0.002596625848267635,4827.6,0.0049,0.004888034076127875,8445.0
59,2021-12-02,IF2203,4837.4,0.0021,0.002097798082817958,4836.4,0.0018,0.001798381941884577,9696.0
60,2021-12-03,IF2203,4882.8,0.0093,0.009257021274244246,4874.8,0.0079,0.007868958387130632,12122.0
61,2021-12-06,IF2203,4870.4,-0.0025,-0.002503130217405964,4879.8,0.001,0.000999500333259185,11799.0
62,2021-12-07,IF2203,4897.8,0.0056,0.005584378298236774,4891.4,0.0023,0.002297359049479441,13241.0
63,2021-12-08,IF2203,4982.0,0.0171,0.01695544068661292,4973.0,0.0166,0.01646372606583504,18346.0
64,2021-12-09,IF2203,5077.0,0.019,0.01882175428593398,5086.8,0.0228,0.02254396449842803,27455.0
65,2021-12-10,IF2203,5061.8,-0.0029,-0.002904213146410412,5055.4,-0.0061,-0.006118681003549901,20070.0
66,2021-12-13,IF2203,5075.8,0.0027,0.002696361548818034,5085.2,0.0058,0.005783244760367429,27526.0
67,2021-12-14,IF2203,5056.4,-0.0038,-0.00380723834122009,5056.4,-0.0056,-0.005615738781754949,19291.0
68,2021-12-15,IF2203,5008.0,-0.0095,-0.0095454128321211,5018.0,-0.0075,-0.007528266413729625,20576.0
69,2021-12-16,IF2203,5049.6,0.0083,0.008265744426314394,5042.0,0.0047,0.004688989489225187,21700.0
70,2021-12-17,IF2203,4972.8,-0.0152,-0.01531670408269458,4981.4,-0.012,-0.01207258121601675,24018.0
71,2021-12-20,IF2203,4911.0,-0.0124,-0.01247752149162374,4914.2,-0.0134,-0.0134905901597525,24656.0
72,2021-12-21,IF2203,4926.0,0.003,0.002995508981110782,4933.0,0.0038,0.003792798240754297,16505.0
73,2021-12-22,IF2203,4921.6,-0.0008,-0.0008003201707203841,4927.2,-0.0011,-0.001100605443922473,11189.0
74,2021-12-23,IF2203,4961.4,0.008,0.007968169657820245,4959.2,0.0064,0.006379606969651334,14603.0
75,2021-12-24,IF2203,4938.0,-0.0047,-0.004711079727417859,4937.2,-0.0044,-0.004409708486344776,15420.0
76,2021-12-27,IF2203,4947.8,0.0019,0.001898197283638388,4937.0,0.0,0.0,14054.0
77,2021-12-28,IF2203,4977.2,0.0059,0.005882663162951342,4982.6,0.0092,0.009157937796093734,19846.0
78,2021-12-29,IF2203,4909.4,-0.0136,-0.01369332710857592,4916.8,-0.0132,-0.01328789430485926,19798.0
79,2021-12-30,IF2203,4944.4,0.0071,0.007074913678822432,4944.4,0.0056,0.005584378298236774,17507.0
80,2021-12-31,IF2203,4944.8,0.0,0.0,4950.6,0.0012,0.001199280575724596,14345.0
81,2022-01-04,IF2203,4926.0,-0.0038,-0.00380723834122009,4922.8,-0.0056,-0.005615738781754949,19581.0
82,2022-01-05,IF2203,4874.6,-0.0104,-0.01045445789016305,4878.6,-0.0089,-0.008939841559474996,24121.0
83,2022-01-06,IF2203,4810.4,-0.0131,-0.01318656178243112,4814.4,-0.0131,-0.01318656178243112,25156.0
84,2022-01-07,IF2203,4822.8,0.0025,0.002496880199517687,4830.4,0.0033,0.003294566951002754,16763.0
85,2022-01-10,IF2203,4841.2,0.0038,0.003792798240754297,4843.0,0.0026,0.002596625848267635,14652.0
86,2022-01-11,IF2203,4800.2,-0.0084,-0.008435478812208623,4804.6,-0.0079,-0.007931370318430128,15388.0
87,2022-01-12,IF2203,4855.0,0.0114,0.0113355096808852,4860.6,0.0116,0.01153323583139667,19857.0
88,2022-01-13,IF2203,4768.8,-0.0177,-0.01785851826195098,4781.6,-0.0162,-0.01633265458779717,24215.0
89,2022-01-14,IF2203,4721.0,-0.01,-0.01005033584084634,4731.2,-0.0105,-0.01055551392555438,23421.0
90,2022-01-17,IF2203,4761.2,0.0085,0.008464078421848958,4764.4,0.007,0.006975613743099824,19453.0
91,2022-01-18,IF2203,4811.6,0.0105,0.01044525787616376,4807.6,0.009,0.00895974138232823,24449.0
92,2022-01-19,IF2203,4791.4,-0.0041,-0.004108428042510367,4785.0,-0.0047,-0.004711079727417859,26681.0
93,2022-01-20,IF2203,4832.0,0.0084,0.008364916341127156,4841.4,0.0117,0.01163208424772674,32357.0
94,2022-01-21,IF2203,4808.0,-0.0049,-0.004912044358075472,4800.2,-0.0085,-0.008536331013177186,25632.0
95,2022-01-24,IF2206,4788.6,0.0003,0.0002999550090230824,4779.0,0.0,0.0,8972.0
96,2022-01-25,IF2206,4673.0,-0.0241,-0.02439515676364315,4693.8,-0.0178,-0.01796032533719618,10583.0
97,2022-01-26,IF2206,4703.6,0.0065,0.006478966103492241,4704.0,0.0021,0.002097798082817958,7421.0
98,2022-01-27,IF2206,4622.4,-0.0172,-0.01734963829789156,4625.0,-0.0167,-0.01684101716089265,8970.0
99,2022-01-28,IF2206,4522.4,-0.0216,-0.0218366945513832,4559.2,-0.0142,-0.01430178468533753,10571.0
100,2022-02-07,IF2206,4606.4,0.0185,0.01833095672786076,4606.6,0.0103,0.01024731646564146,7875.0
101,2022-02-08,IF2206,4587.6,-0.004,-0.004008021395608239,4579.0,-0.0059,-0.005917473759716739,10719.0
102,2022-02-09,IF2206,4630.8,0.0094,0.0093560949358342,4632.4,0.0116,0.01153323583139667,9272.0
103,2022-02-10,IF2206,4618.4,-0.0026,-0.002603385869339642,4612.6,-0.0042,-0.00420884477191699,6082.0
104,2022-02-11,IF2206,4580.0,-0.0083,-0.00833463678137833,4587.4,-0.0054,-0.005414632697898417,9158.0
105,2022-02-14,IF2206,4533.8,-0.01,-0.01005033584084634,4527.4,-0.013,-0.0130852395272404,8416.0
106,2022-02-15,IF2206,4570.8,0.0081,0.008067371086612532,4562.0,0.0076,0.007571265504144477,8246.0
107,2022-02-16,IF2206,4592.2,0.0046,0.004589452336775623,4590.4,0.0062,0.006180859080359311,7053.0
108,2022-02-17,IF2206,4599.0,0.0014,0.001399020914026943,4602.8,0.0027,0.002696361548818034,9684.0
109,2022-02-18,IF2206,4628.8,0.0064,0.006379606969651334,4620.6,0.0038,0.003792798240754297,9092.0
110,2022-02-21,IF2206,4607.8,-0.0045,-0.004510155475417986,4600.2,-0.0044,-0.004409708486344776,8786.0
111,2022-02-22,IF2206,4550.0,-0.0125,-0.01257878218705615,4541.6,-0.0127,-0.0127813343442919,12456.0
112,2022-02-23,IF2206,4595.6,0.01,0.00995033086647786,4592.4,0.0111,0.01103884713149706,10825.0
113,2022-02-24,IF2206,4512.4,-0.0181,-0.0182658087657799,4494.6,-0.0212,-0.02142794735785376,16125.0
114,2022-02-25,IF2206,4553.2,0.009,0.00895974138232823,4550.8,0.0125,0.01242252001902119,14633.0
115,2022-02-28,IF2206,4553.2,0.0,0.0,4548.2,-0.0005,-0.0005001250416715135,12424.0
116,2022-03-01,IF2206,4588.6,0.0077,0.007670506312246665,4590.0,0.0091,0.009058844499437165,12730.0
117,2022-03-02,IF2206,4556.0,-0.0071,-0.007125324936273927,4557.8,-0.007,-0.007024614930830135,10887.0
118,2022-03-03,IF2206,4525.6,-0.0066,-0.00662187630344831,4530.6,-0.0059,-0.005917473759716739,11369.0
119,2022-03-04,IF2206,4481.0,-0.0098,-0.009848336042664727,4476.0,-0.012,-0.01207258121601675,14631.0
120,2022-03-07,IF2206,4317.2,-0.0365,-0.03718279097910478,4322.8,-0.0342,-0.03479850540940872,22306.0
121,2022-03-08,IF2206,4211.0,-0.0245,-0.02480511884567076,4236.8,-0.0198,-0.01999864645777392,27083.0
122,2022-03-09,IF2206,4171.8,-0.0093,-0.009343514992222576,4134.8,-0.024,-0.02429269249851766,32758.0
123,2022-03-10,IF2206,4224.0,0.0125,0.01242252001902119,4234.4,0.024,0.02371652668706157,20455.0
124,2022-03-11,IF2206,4268.2,0.0104,0.01034629206850166,4236.4,0.0004,0.0003999200213656698,31789.0
125,2022-03-14,IF2206,4110.0,-0.037,-0.03770186703204739,4133.4,-0.0243,-0.02460011679604644,27364.0
126,2022-03-15,IF2206,3854.4,-0.0621,-0.06411194517678126,3918.6,-0.0519,-0.05329529681166341,39732.0
127,2022-03-16,IF2206,4105.0,0.065,0.06297479944388068,4107.0,0.048,0.04688358611154787,44452.0
128,2022-03-17,IF2206,4167.6,0.0152,0.01508563744779354,4173.6,0.0162,0.01607018021107633,36365.0
129,2022-03-18,IF2206,4199.8,0.0077,0.007670506312246665,4206.0,0.0077,0.007670506312246665,29967.0
130,2022-03-21,IF2206,4174.2,-0.006,-0.00601807232109024,4173.2,-0.0077,-0.007729798054490364,21479.0
131,2022-03-22,IF2206,4173.4,-0.0001,-0.0001000050003364662,4174.4,0.0002,0.0001999800026803748,19817.0
132,2022-03-23,IF2206,4203.2,0.0071,0.007074913678822432,4204.0,0.007,0.006975613743099824,23248.0
133,2022-03-24,IF2206,4181.0,-0.0052,-0.005213567049556946,4189.0,-0.0035,-0.003506139327828813,21464.0
134,2022-03-25,IF2206,4100.0,-0.0193,-0.01948867653730155,4119.4,-0.0166,-0.01673932396957513,24640.0
135,2022-03-28,IF2206,4086.8,-0.0032,-0.003205130947741084,4081.4,-0.0092,-0.009242581356239083,26608.0
136,2022-03-29,IF2206,4070.8,-0.0039,-0.003907624829186111,4078.8,-0.0006,-0.0006001800720116853,17979.0
137,2022-03-30,IF2206,4217.8,0.0361,0.03546366441627177,4208.6,0.0318,0.03130484994266403,30545.0
138,2022-03-31,IF2206,4181.6,-0.0085,-0.008536331013177186,4184.4,-0.0057,-0.005716306992084304,16249.0
139,2022-04-01,IF2206,4232.8,0.0122,0.01212617981737086,4229.6,0.0108,0.01074209654734448,23801.0
140,2022-04-06,IF2206,4203.2,-0.0069,-0.006923915066867657,4193.8,-0.0084,-0.008435478812208623,20950.0
141,2022-04-07,IF2206,4156.4,-0.0111,-0.01116206469057963,4167.4,-0.0062,-0.006219299809132463,20694.0
142,2022-04-08,IF2206,4196.0,0.0095,0.009455158782808532,4185.8,0.0044,0.004390348304018282,21212.0
143,2022-04-11,IF2206,4065.0,-0.0312,-0.03169708662952367,4066.4,-0.0285,-0.02891401006785432,28668.0
144,2022-04-12,IF2206,4146.6,0.02,0.01980262734607798,4142.6,0.0187,0.01852730465789903,32357.0
145,2022-04-13,IF2206,4120.0,-0.0064,-0.00642056779781636,4134.8,-0.0018,-0.001801621946281291,23567.0
146,2022-04-14,IF2206,4163.2,0.0104,0.01034629206850166,4178.8,0.0106,0.01054421389056636,30268.0
147,2022-04-15,IF2206,4165.6,0.0005,0.0004998750417060377,4169.2,-0.0022,-0.00220242355466003,24946.0
148,2022-04-18,IF2209,4094.6,-0.0038,-0.00380723834122009,4087.4,-0.0066,-0.00662187630344831,10466.0
149,2022-04-19,IF2209,4071.4,-0.0056,-0.005615738781754949,4060.2,-0.0066,-0.00662187630344831,8296.0
150,2022-04-20,IF2209,3992.0,-0.0195,-0.01969263329823901,4001.8,-0.0143,-0.01440323028486425,7769.0
151,2022-04-21,IF2209,3930.0,-0.0155,-0.01562138087261094,3930.0,-0.0179,-0.01806214277817526,10507.0
152,2022-04-22,IF2209,3944.0,0.0035,0.003493889256014898,3952.0,0.0055,0.005484930234757665,7897.0
153,2022-04-25,IF2209,3751.4,-0.0488,-0.05003093337682089,3789.6,-0.041,-0.04186420391989184,16021.0
154,2022-04-26,IF2209,3720.2,-0.0083,-0.00833463678137833,3734.4,-0.0145,-0.01460615236276099,13631.0
155,2022-04-27,IF2209,3819.0,0.0265,0.02615495756015952,3808.6,0.0198,0.01960652968789219,13288.0
156,2022-04-28,IF2209,3843.0,0.0062,0.006180859080359311,3832.2,0.0061,0.006081470320982859,11503.0
157,2022-04-29,IF2209,3946.4,0.0269,0.02654455530766123,3932.6,0.0261,0.02576520796711252,15953.0
158,2022-05-05,IF2209,3928.0,-0.0046,-0.004610612555099904,3932.8,0.0,0.0,8455.0
159,2022-05-06,IF2209,3816.4,-0.0284,-0.02881108175794423,3824.0,-0.0276,-0.02798803644885071,10911.0
160,2022-05-09,IF2209,3784.4,-0.0083,-0.00833463678137833,3776.2,-0.0125,-0.01257878218705615,8474.0
161,2022-05-10,IF2209,3849.4,0.0171,0.01695544068661292,3842.2,0.0174,0.01725035344496828,12795.0
162,2022-05-11,IF2209,3889.0,0.0102,0.01014833106564402,3908.0,0.0171,0.01695544068661292,13587.0
163,2022-05-12,IF2209,3875.0,-0.0035,-0.003506139327828813,3879.4,-0.0073,-0.007326775379777697,11925.0
164,2022-05-13,IF2209,3908.0,0.0085,0.008464078421848958,3905.4,0.0067,0.0066776547593728,10712.0
165,2022-05-16,IF2209,3861.4,-0.0119,-0.01197137176327052,3865.8,-0.0101,-0.0101513510434638,12627.0
166,2022-05-17,IF2209,3919.0,0.0149,0.01479008550127918,3914.2,0.0125,0.01242252001902119,10395.0
167,2022-05-18,IF2209,3904.8,-0.0036,-0.003606495592563863,3916.2,0.0005,0.0004998750417060377,10736.0
168,2022-05-19,IF2209,3917.0,0.0031,0.003095204908699088,3909.0,-0.0018,-0.001801621946281291,14802.0
169,2022-05-20,IF2209,4010.0,0.0237,0.02342351501176137,3998.6,0.0229,0.02264173054486785,19773.0
170,2022-05-23,IF2209,3962.0,-0.0119,-0.01197137176327052,3966.4,-0.008,-0.008032171689210653,14307.0
171,2022-05-24,IF2209,3886.0,-0.0191,-0.01928476136623447,3899.8,-0.0167,-0.01684101716089265,15096.0
172,2022-05-25,IF2209,3902.8,0.0043,0.004290781419764028,3895.0,-0.0012,-0.001200720576382487,12138.0
173,2022-05-26,IF2209,3914.8,0.003,0.002995508981110782,3916.2,0.0054,0.005385472280380148,16626.0
174,2022-05-27,IF2209,3930.0,0.0038,0.003792798240754297,3923.6,0.0018,0.001798381941884577,16466.0
175,2022-05-30,IF2209,3946.6,0.0042,0.00419120462096075,3945.6,0.0056,0.005584378298236774,13910.0
176,2022-05-31,IF2209,4013.2,0.0168,0.01666044092908312,4017.2,0.0181,0.0179381451724162,17871.0
177,2022-06-01,IF2209,4002.2,-0.0027,-0.002703651573474129,3995.0,-0.0055,-0.005515180684370805,12653.0
178,2022-06-02,IF2209,4013.4,0.0027,0.002696361548818034,4010.4,0.0038,0.003792798240754297,12462.0
179,2022-06-06,IF2209,4081.8,0.017,0.01685711710321254,4078.6,0.017,0.01685711710321254,24138.0
180,2022-06-07,IF2209,4089.6,0.0019,0.001898197283638388,4095.0,0.004,0.003992021271807684,15649.0
181,2022-06-08,IF2209,4137.2,0.0116,0.01153323583139667,4127.0,0.0078,0.007769737272590648,18435.0
182,2022-06-09,IF2209,4102.6,-0.0083,-0.00833463678137833,4101.2,-0.0062,-0.006219299809132463,19483.0
183,2022-06-10,IF2209,4171.2,0.0167,0.01656208833455023,4169.4,0.0166,0.01646372606583504,22562.0
184,2022-06-13,IF2209,4115.2,-0.0134,-0.0134905901597525,4103.6,-0.0157,-0.01582455031584968,24047.0
185,2022-06-14,IF2209,4163.0,0.0116,0.01153323583139667,4123.4,0.0048,0.004788516735018682,27078.0
186,2022-06-15,IF2209,4216.0,0.0127,0.01262003137719995,4243.2,0.029,0.02858745694950291,40382.0
187,2022-06-16,IF2209,4184.2,-0.0075,-0.007528266413729625,4192.0,-0.012,-0.01207258121601675,25831.0
188,2022-06-17,IF2209,4250.8,0.0159,0.015774919147774,4244.0,0.0124,0.01232374970898249,32044.0
189,2022-06-20,IF2209,4253.6,0.0006,0.0005998200720414877,4264.6,0.0048,0.004788516735018682,27580.0
190,2022-06-21,IF2209,4258.0,0.001,0.000999500333259185,4248.8,-0.0037,-0.003706861929686898,27545.0
191,2022-06-22,IF2209,4199.0,-0.0138,-0.01389610516799559,4210.2,-0.009,-0.009040744641920905,25220.0
192,2022-06-23,IF2209,4287.8,0.0211,0.02088047763445904,4279.2,0.0163,0.01616858119555961,24885.0
193,2022-06-24,IF2209,4336.8,0.0114,0.0113355096808852,4334.0,0.0128,0.01271877242919253,25983.0
194,2022-06-27,IF2209,4382.8,0.0106,0.01054421389056636,4387.8,0.0124,0.01232374970898249,26105.0
195,2022-06-28,IF2209,4438.0,0.0125,0.01242252001902119,4432.2,0.0101,0.01004933586656959,24381.0
196,2022-06-29,IF2209,4390.0,-0.0108,-0.01085874332009978,4390.6,-0.0093,-0.009343514992222576,23952.0
197,2022-06-30,IF2209,4435.4,0.0103,0.01024731646564146,4447.2,0.0128,0.01271877242919253,26648.0
198,2022-07-01,IF2209,4416.6,-0.0042,-0.00420884477191699,4410.4,-0.0082,-0.008233804918635354,23138.0
199,2022-07-04,IF2209,4441.2,0.0055,0.005484930234757665,4432.0,0.0048,0.004788516735018682,23302.0
200,2022-07-05,IF2209,4427.2,-0.0031,-0.003104814952350085,4410.0,-0.0049,-0.004912044358075472,29389.0
201,2022-07-06,IF2209,4371.0,-0.0126,-0.01268005313725309,4363.4,-0.0105,-0.01055551392555438,27927.0
202,2022-07-07,IF2209,4385.4,0.0032,0.0031948908980026,4386.4,0.0052,0.005186526691058694,22467.0
203,2022-07-08,IF2209,4378.8,-0.0015,-0.001501126126037304,4386.2,0.0,0.0,21768.0
204,2022-07-11,IF2209,4306.6,-0.0164,-0.01653596860619223,4304.6,-0.0186,-0.01877515528298679,30412.0
205,2022-07-12,IF2209,4271.4,-0.0081,-0.008132983221929365,4274.4,-0.007,-0.007024614930830135,29992.0
206,2022-07-13,IF2209,4276.8,0.0012,0.001199280575724596,4273.0,-0.0003,-0.0003000450090034531,26025.0
207,2022-07-14,IF2209,4283.0,0.0014,0.001399020914026943,4278.6,0.0013,0.001299155731899792,28831.0
208,2022-07-15,IF2209,4193.8,-0.0208,-0.02101936717030384,4226.8,-0.0121,-0.01217380091315078,38156.0
209,2022-07-18,IF2212,4236.6,0.0154,0.01528262356165909,4234.6,0.007,0.006975613743099824,7058.0
210,2022-07-19,IF2212,4219.0,-0.0041,-0.004108428042510367,4218.2,-0.0038,-0.00380723834122009,6073.0
211,2022-07-20,IF2212,4225.6,0.0015,0.001498876124097972,4226.8,0.002,0.001998002663286734,5856.0
212,2022-07-21,IF2212,4178.6,-0.0111,-0.01116206469057963,4196.0,-0.0072,-0.007226045085241941,5972.0
213,2022-07-22,IF2212,4190.0,0.0027,0.002696361548818034,4189.6,-0.0015,-0.001501126126037304,9403.0
214,2022-07-25,IF2212,4172.6,-0.0041,-0.004108428042510367,4171.4,-0.0043,-0.00430927158585322,5519.0
215,2022-07-26,IF2212,4201.0,0.0068,0.006776984285334279,4200.2,0.0069,0.006876303945923469,7834.0
216,2022-07-27,IF2212,4181.0,-0.0047,-0.004711079727417859,4183.0,-0.004,-0.004008021395608239,6309.0
217,2022-07-28,IF2212,4183.4,0.0005,0.0004998750417060377,4188.2,0.0012,0.001199280575724596,9421.0
218,2022-07-29,IF2212,4115.6,-0.0162,-0.01633265458779717,4122.6,-0.0156,-0.0157229604345035,11498.0
219,2022-08-01,IF2212,4136.2,0.005,0.004987541514523944,4135.0,0.003,0.002995508981110782,8922.0
220,2022-08-02,IF2212,4074.4,-0.0149,-0.01501212009243179,4080.4,-0.0132,-0.01328789430485926,11365.0
221,2022-08-03,IF2212,4026.6,-0.0117,-0.01176898358264832,4039.4,-0.01,-0.01005033584084634,8476.0
222,2022-08-04,IF2212,4059.2,0.008,0.007968169657820245,4057.6,0.0045,0.004489905275697636,6224.0
223,2022-08-05,IF2212,4124.2,0.016,0.01587334918908995,4117.4,0.0147,0.01459300233081518,7390.0
224,2022-08-08,IF2212,4109.8,-0.0034,-0.003405793133460517,4109.4,-0.0019,-0.001901807289205096,6448.0
225,2022-08-09,IF2212,4114.0,0.001,0.000999500333259185,4113.4,0.0009,0.0008995952429823644,5076.0
226,2022-08-10,IF2212,4069.6,-0.0107,-0.01075765663845783,4065.2,-0.0117,-0.01176898358264832,6771.0
227,2022-08-11,IF2212,4165.8,0.0236,0.02332582537114873,4164.4,0.0244,0.02410707541509427,9801.0
228,2022-08-12,IF2212,4166.2,0.0,0.0,4169.2,0.0011,0.001099395443508839,8079.0
229,2022-08-15,IF2212,4156.2,-0.0024,-0.002402884615657939,4159.8,-0.0022,-0.00220242355466003,9471.0
230,2022-08-16,IF2212,4149.2,-0.0016,-0.001601281366707685,4151.8,-0.0019,-0.001901807289205096,6749.0
231,2022-08-17,IF2212,4188.0,0.0093,0.009257021274244246,4193.8,0.0101,0.01004933586656959,10337.0
232,2022-08-18,IF2212,4153.2,-0.0083,-0.00833463678137833,4154.6,-0.0093,-0.009343514992222576,8636.0
233,2022-08-19,IF2212,4124.6,-0.0068,-0.006823225342344205,4127.0,-0.0066,-0.00662187630344831,8332.0
234,2022-08-22,IF2212,4151.6,0.0065,0.006478966103492241,4156.0,0.007,0.006975613743099824,10561.0
235,2022-08-23,IF2212,4136.0,-0.0037,-0.003706861929686898,4131.6,-0.0058,-0.005816885317393266,9426.0
236,2022-08-24,IF2212,4061.6,-0.0179,-0.01806214277817526,4059.8,-0.0173,-0.0174513935761105,13446.0
237,2022-08-25,IF2212,4097.6,0.0088,0.008761505678967125,4083.4,0.0058,0.005783244760367429,12007.0
238,2022-08-26,IF2212,4091.8,-0.0014,-0.001400980915432082,4090.4,0.0017,0.001698556636036359,9551.0
239,2022-08-29,IF2212,4068.4,-0.0057,-0.005716306992084304,4066.4,-0.0058,-0.005816885317393266,10341.0
240,2022-08-30,IF2212,4061.6,-0.0016,-0.001601281366707685,4057.6,-0.0021,-0.002102208091382417,10369.0
241,2022-08-31,IF2212,4068.0,0.0015,0.001498876124097972,4068.2,0.0026,0.002596625848267635,14481.0
242,2022-09-01,IF2212,4030.6,-0.0091,-0.009141657906823834,4038.8,-0.0072,-0.007226045085241941,10628.0
243,2022-09-02,IF2212,4010.0,-0.0051,-0.00511304938362358,4003.6,-0.0087,-0.00873806593373614,11324.0
244,2022-09-05,IF2212,4006.0,-0.0009,-0.0009004052430974332,3992.0,-0.0028,-0.002803927331825522,9809.0
245,2022-09-06,IF2212,4036.8,0.0076,0.007571265504144477,4033.0,0.0102,0.01014833106564402,13251.0
246,2022-09-07,IF2212,4044.8,0.0019,0.001898197283638388,4040.4,0.0018,0.001798381941884577,11400.0
247,2022-09-08,IF2212,4024.6,-0.0049,-0.004912044358075472,4027.8,-0.0031,-0.003104814952350085,12259.0
248,2022-09-09,IF2212,4085.4,0.0151,0.01498712983762917,4087.8,0.0148,0.0146915487712681,16651.0
249,2022-09-13,IF2212,4098.8,0.0032,0.0031948908980026,4105.8,0.0044,0.004390348304018282,18663.0
250,2022-09-14,IF2212,4059.6,-0.0095,-0.0095454128321211,4060.8,-0.0109,-0.01095984022128959,18905.0
251,2022-09-15,IF2212,4023.0,-0.009,-0.009040744641920905,4014.2,-0.0114,-0.01146547809280764,22523.0
252,2022-09-16,IF2212,3929.8,-0.0231,-0.02337098625760379,3938.2,-0.0189,-0.01908088776807955,23792.0
253,2022-09-19,IF2212,3922.2,-0.0019,-0.001901807289205096,3920.4,-0.0045,-0.004510155475417986,14638.0
254,2022-09-20,IF2212,3922.2,0.0,0.0,3921.8,0.0003,0.0002999550090230824,11060.0
255,2022-09-21,IF2212,3888.4,-0.0086,-0.008637193386335703,3902.6,-0.0048,-0.004811556994400123,15218.0
256,2022-09-22,IF2212,3864.0,-0.0062,-0.006219299809132463,3866.6,-0.0092,-0.009242581356239083,13283.0
257,2022-09-23,IF2212,3857.0,-0.0018,-0.001801621946281291,3858.2,-0.0021,-0.002102208091382417,18351.0
258,2022-09-26,IF2212,3835.8,-0.0054,-0.005414632697898417,3844.6,-0.0035,-0.003506139327828813,16352.0
259,2022-09-27,IF2212,3886.4,0.0131,0.01301493709988623,3884.4,0.0103,0.01024731646564146,16001.0
260,2022-09-28,IF2212,3833.0,-0.0137,-0.01379471099841928,3838.2,-0.0118,-0.01187017255283865,14528.0
261,2022-09-29,IF2212,3839.4,0.0016,0.001598721364104202,3832.2,-0.0015,-0.001501126126037304,17472.0
262,2022-09-30,IF2212,3808.6,-0.008,-0.008032171689210653,3815.0,-0.0044,-0.004409708486344776,17134.0
263,2022-10-10,IF2212,3728.6,-0.021,-0.02122363639686125,3733.2,-0.0214,-0.02163230007033853,19500.0
264,2022-10-11,IF2212,3732.4,0.001,0.000999500333259185,3736.2,0.0008,0.0007996801706838462,17285.0
265,2022-10-12,IF2212,3787.0,0.0146,0.01449444617800637,3771.2,0.0093,0.009257021274244246,23566.0
266,2022-10-13,IF2212,3758.0,-0.0076,-0.007629027157236043,3759.6,-0.003,-0.003004509019245997,19846.0
267,2022-10-14,IF2212,3840.8,0.022,0.02176149184102322,3846.6,0.0231,0.02283723396782419,20669.0
268,2022-10-17,IF2212,3835.2,-0.0014,-0.001400980915432082,3837.4,-0.0023,-0.002302649062080683,16840.0
269,2022-10-18,IF2212,3827.0,-0.0021,-0.002102208091382417,3825.6,-0.003,-0.003004509019245997,21323.0
270,2022-10-19,IF2212,3764.2,-0.0164,-0.01653596860619223,3770.0,-0.0145,-0.01460615236276099,22389.0
271,2022-10-20,IF2212,3752.6,-0.003,-0.003004509019245997,3750.2,-0.0052,-0.005213567049556946,24535.0
272,2022-10-21,IF2212,3729.0,-0.0062,-0.006219299809132463,3729.4,-0.0055,-0.005515180684370805,19227.0
273,2022-10-24,IF2303,3618.0,-0.0289,-0.02932582928257909,3613.2,-0.0303,-0.03076853356363427,9646.0
274,2022-10-25,IF2303,3618.4,0.0001,9.999500033904724e-05,3625.2,0.0033,0.003294566951002754,7828.0
275,2022-10-26,IF2303,3649.2,0.0085,0.008464078421848958,3643.4,0.005,0.004987541514523944,8004.0
276,2022-10-27,IF2303,3626.8,-0.0061,-0.006118681003549901,3639.4,-0.001,-0.001000500333496226,7060.0
277,2022-10-28,IF2303,3530.2,-0.0266,-0.02696018149742325,3544.0,-0.0262,-0.02654933515052258,8937.0
278,2022-10-31,IF2303,3500.2,-0.0084,-0.008435478812208623,3500.6,-0.0122,-0.01227503085674672,7723.0
279,2022-11-01,IF2303,3646.0,0.0416,0.04075799264700714,3630.2,0.037,0.03633192939369507,11858.0
280,2022-11-02,IF2303,3683.0,0.0101,0.01004933586656959,3687.2,0.0157,0.01557802999496025,10159.0
281,2022-11-03,IF2303,3652.0,-0.0084,-0.008435478812208623,3654.8,-0.0087,-0.00873806593373614,7578.0
282,2022-11-04,IF2303,3783.0,0.0358,0.03517407514649186,3782.2,0.0348,0.03420817146237237,12498.0
283,2022-11-07,IF2303,3784.6,0.0004,0.0003999200213656698,3783.0,0.0002,0.0001999800026803748,8666.0
284,2022-11-08,IF2303,3762.8,-0.0057,-0.005716306992084304,3754.0,-0.0076,-0.007629027157236043,8686.0
285,2022-11-09,IF2303,3719.4,-0.0115,-0.01156663635470401,3725.8,-0.0075,-0.007528266413729625,9282.0
286,2022-11-10,IF2303,3697.8,-0.0058,-0.005816885317393266,3700.0,-0.0069,-0.006923915066867657,8120.0
287,2022-11-11,IF2303,3802.2,0.0282,0.0278097007322183,3822.4,0.033,0.03246719025905549,13603.0
288,2022-11-14,IF2303,3799.8,-0.0006,-0.0006001800720116853,3807.2,-0.0039,-0.003907624829186111,11929.0
289,2022-11-15,IF2303,3881.4,0.0214,0.02117423528796495,3877.4,0.0184,0.01823276830376072,12955.0
290,2022-11-16,IF2303,3848.2,-0.0085,-0.008536331013177186,3852.2,-0.0064,-0.00642056779781636,8316.0
291,2022-11-17,IF2303,3834.0,-0.0036,-0.003606495592563863,3820.8,-0.0081,-0.008132983221929365,10787.0
292,2022-11-18,IF2303,3818.8,-0.0039,-0.003907624829186111,3822.2,0.0003,0.0002999550090230824,11740.0
293,2022-11-21,IF2303,3788.0,-0.008,-0.008032171689210653,3783.0,-0.0102,-0.01025237645118086,11906.0
294,2022-11-22,IF2303,3784.8,-0.0008,-0.0008003201707203841,3777.6,-0.0014,-0.001400980915432082,13470.0
295,2022-11-23,IF2303,3792.0,0.0019,0.001898197283638388,3793.6,0.0042,0.00419120462096075,11802.0
296,2022-11-24,IF2303,3772.0,-0.0052,-0.005213567049556946,3777.0,-0.0043,-0.00430927158585322,10745.0
297,2022-11-25,IF2303,3793.8,0.0057,0.005683816472784537,3797.0,0.0052,0.005186526691058694,10813.0
298,2022-11-28,IF2303,3748.2,-0.012,-0.01207258121601675,3744.4,-0.0138,-0.01389610516799559,18340.0
299,2022-11-29,IF2303,3871.0,0.0327,0.03217673181494225,3865.8,0.0324,0.03188618898021449,19320.0
300,2022-11-30,IF2303,3870.0,-0.0002,-0.0002000200026706507,3864.2,-0.0004,-0.0004000800213363738,11873.0
301,2022-12-01,IF2303,3918.6,0.0125,0.01242252001902119,3922.0,0.0149,0.01479008550127918,15811.0
302,2022-12-02,IF2303,3901.8,-0.0042,-0.00420884477191699,3905.0,-0.0043,-0.00430927158585322,14265.0
303,2022-12-05,IF2303,3963.0,0.0156,0.01547957087964623,3959.8,0.014,0.0139029051944224,19752.0
304,2022-12-06,IF2303,3984.2,0.0053,0.00528600443313657,3981.2,0.0054,0.005385472280380148,22918.0
305,2022-12-07,IF2303,3973.4,-0.0027,-0.002703651573474129,3969.4,-0.0029,-0.002904213146410412,20735.0
306,2022-12-08,IF2303,3984.6,0.0028,0.002796087303153064,3978.4,0.0022,0.002197583544219809,16029.0
307,2022-12-09,IF2303,4018.2,0.0084,0.008364916341127156,4014.6,0.009,0.00895974138232823,19441.0
308,2022-12-12,IF2303,3979.8,-0.0095,-0.0095454128321211,3982.4,-0.008,-0.008032171689210653,19968.0
309,2022-12-13,IF2303,3968.2,-0.0029,-0.002904213146410412,3976.8,-0.0014,-0.001400980915432082,17559.0
310,2022-12-14,IF2303,3984.2,0.004,0.003992021271807684,3979.2,0.0006,0.0005998200720414877,17482.0
311,2022-12-15,IF2303,3982.4,-0.0004,-0.0004000800213363738,3983.8,0.0011,0.001099395443508839,16751.0
312,2022-12-16,IF2303,3990.4,0.002,0.001998002663286734,3982.2,-0.0004,-0.0004000800213363738,21927.0
313,2022-12-19,IF2303,3928.4,-0.0155,-0.01562138087261094,3921.6,-0.0152,-0.01531670408269458,26219.0
314,2022-12-20,IF2303,3870.4,-0.0147,-0.01480911562637631,3866.0,-0.0141,-0.01420034937597434,21367.0
315,2022-12-21,IF2303,3864.2,-0.0016,-0.001601281366707685,3861.2,-0.0012,-0.001200720576382487,14556.0
316,2022-12-22,IF2303,3871.6,0.0019,0.001898197283638388,3866.8,0.0014,0.001399020914026943,16886.0
317,2022-12-23,IF2303,3863.4,-0.0021,-0.002102208091382417,3858.0,-0.0022,-0.00220242355466003,15045.0
318,2022-12-26,IF2303,3872.4,0.0023,0.002297359049479441,3875.6,0.0045,0.004489905275697636,11840.0
319,2022-12-27,IF2303,3919.8,0.0122,0.01212617981737086,3921.8,0.0119,0.01182975177219399,15560.0
320,2022-12-28,IF2303,3904.4,-0.0039,-0.003907624829186111,3904.6,-0.0043,-0.00430927158585322,11550.0
321,2022-12-29,IF2303,3888.0,-0.0042,-0.00420884477191699,3889.6,-0.0038,-0.00380723834122009,10867.0
322,2022-12-30,IF2303,3898.2,0.0026,0.002596625848267635,3904.2,0.0037,0.003693171839573405,9890.0
323,2023-01-03,IF2303,3913.6,0.0039,0.003892414717506698,3919.0,0.0037,0.003693171839573405,17450.0
324,2023-01-04,IF2303,3913.0,-0.0001,-0.0001000050003364662,3909.4,-0.0024,-0.002402884615657939,15641.0
325,2023-01-05,IF2303,3986.8,0.0188,0.01862546416762209,3986.8,0.0197,0.01950846643655724,23824.0
326,2023-01-06,IF2303,4003.8,0.0042,0.00419120462096075,4002.8,0.004,0.003992021271807684,17450.0
327,2023-01-09,IF2303,4026.0,0.0055,0.005484930234757665,4031.2,0.007,0.006975613743099824,18199.0
328,2023-01-10,IF2303,4030.0,0.0009,0.0008995952429823644,4033.6,0.0005,0.0004998750417060377,13562.0
329,2023-01-11,IF2303,4031.0,0.0002,0.0001999800026803748,4035.0,0.0003,0.0002999550090230824,17113.0
330,2023-01-12,IF2303,4039.0,0.0019,0.001898197283638388,4039.8,0.0011,0.001099395443508839,15455.0
331,2023-01-13,IF2303,4105.8,0.0165,0.01636535412103423,4087.8,0.0118,0.01173092289401547,18625.0
332,2023-01-16,IF2303,4177.0,0.0173,0.01715205885559066,4177.4,0.0219,0.0216636396950409,37901.0
333,2023-01-17,IF2303,4172.8,-0.001,-0.001000500333496226,4169.2,-0.0019,-0.001901807289205096,20079.0
334,2023-01-18,IF2303,4163.4,-0.0022,-0.00220242355466003,4166.0,-0.0007,-0.0007002451143599703,18406.0
335,2023-01-19,IF2303,4186.0,0.0054,0.005385472280380148,4179.2,0.0031,0.003095204908699088,24148.0
336,2023-01-20,IF2303,4203.0,0.004,0.003992021271807684,4206.2,0.0064,0.006379606969651334,22700.0
337,2023-01-30,IF2306,4220.0,0.0046,0.004589452336775623,4225.0,0.0049,0.004888034076127875,10707.0
338,2023-01-31,IF2306,4185.0,-0.0082,-0.008233804918635354,4188.2,-0.0087,-0.00873806593373614,9449.0
339,2023-02-01,IF2306,4210.8,0.0061,0.006081470320982859,4205.0,0.004,0.003992021271807684,11208.0
340,2023-02-02,IF2306,4192.6,-0.0043,-0.00430927158585322,4189.6,-0.0036,-0.003606495592563863,9510.0
341,2023-02-03,IF2306,4144.2,-0.0115,-0.01156663635470401,4144.0,-0.0108,-0.01085874332009978,12729.0
342,2023-02-06,IF2306,4083.8,-0.0145,-0.01460615236276099,4082.2,-0.0149,-0.01501212009243179,10424.0
343,2023-02-07,IF2306,4096.4,0.003,0.002995508981110782,4092.2,0.0024,0.002397124600583412,7374.0
344,2023-02-08,IF2306,4083.8,-0.003,-0.003004509019245997,4085.8,-0.0015,-0.001501126126037304,7324.0
345,2023-02-09,IF2306,4137.4,0.0131,0.01301493709988623,4138.6,0.0129,0.01281750373235464,9863.0
346,2023-02-10,IF2306,4111.8,-0.0061,-0.006118681003549901,4112.2,-0.0063,-0.006319928739875291,7206.0
347,2023-02-13,IF2306,4137.8,0.0063,0.006280237962594482,4137.2,0.006,0.00598207168250158,9192.0
348,2023-02-14,IF2306,4152.4,0.0035,0.003493889256014898,4142.4,0.0012,0.001199280575724596,8032.0
349,2023-02-15,IF2306,4121.8,-0.0073,-0.007326775379777697,4119.8,-0.0054,-0.005414632697898417,9138.0
350,2023-02-16,IF2306,4091.0,-0.0074,-0.00742751582192534,4108.4,-0.0027,-0.002703651573474129,17834.0
351,2023-02-17,IF2306,4031.0,-0.0146,-0.01470762884530891,4047.0,-0.0149,-0.01501212009243179,15230.0
352,2023-02-20,IF2306,4142.4,0.0276,0.02722598634310423,4132.4,0.0211,0.02088047763445904,16988.0
353,2023-02-21,IF2306,4145.6,0.0007,0.0006997551143687224,4138.4,0.0014,0.001399020914026943,12178.0
354,2023-02-22,IF2306,4105.8,-0.0096,-0.009646377040151206,4105.4,-0.0079,-0.007931370318430128,12171.0
355,2023-02-23,IF2306,4103.4,-0.0005,-0.0005001250416715135,4097.2,-0.0019,-0.001901807289205096,11912.0
356,2023-02-24,IF2306,4062.6,-0.0099,-0.009949330841266958,4060.6,-0.0089,-0.008939841559474996,15261.0
357,2023-02-27,IF2306,4048.0,-0.0035,-0.003506139327828813,4044.4,-0.0039,-0.003907624829186111,12123.0
358,2023-02-28,IF2306,4078.0,0.0074,0.007372754336845742,4064.0,0.0048,0.004788516735018682,13669.0
359,2023-03-01,IF2306,4131.8,0.0131,0.01301493709988623,4130.8,0.0164,0.0162669724982439,17850.0
360,2023-03-02,IF2306,4123.6,-0.0019,-0.001901807289205096,4124.2,-0.0015,-0.001501126126037304,10505.0
361,2023-03-03,IF2306,4133.0,0.0022,0.002197583544219809,4136.2,0.0029,0.002895803113256316,14313.0
362,2023-03-06,IF2306,4101.0,-0.0077,-0.007729798054490364,4104.8,-0.0075,-0.007528266413729625,16358.0
363,2023-03-07,IF2306,4044.0,-0.0138,-0.01389610516799559,4054.8,-0.0121,-0.01217380091315078,20296.0
364,2023-03-08,IF2306,4033.0,-0.0027,-0.002703651573474129,4024.4,-0.0074,-0.00742751582192534,15476.0
365,2023-03-09,IF2306,4018.2,-0.0036,-0.003606495592563863,4021.8,-0.0006,-0.0006001800720116853,18105.0
366,2023-03-10,IF2306,3963.0,-0.0137,-0.01379471099841928,3968.4,-0.0132,-0.01328789430485926,20955.0
367,2023-03-13,IF2306,4006.6,0.011,0.01093994005433318,4003.2,0.0087,0.008662373088819673,20953.0
368,2023-03-14,IF2306,3983.6,-0.0057,-0.005716306992084304,3990.0,-0.0032,-0.003205130947741084,26980.0
369,2023-03-15,IF2306,3983.2,-0.0001,-0.0001000050003364662,3987.4,-0.0006,-0.0006001800720116853,24765.0
370,2023-03-16,IF2306,3927.6,-0.0139,-0.01399750961938979,3937.0,-0.0126,-0.01268005313725309,25770.0
371,2023-03-17,IF2306,3955.0,0.0069,0.006876303945923469,3956.6,0.0049,0.004888034076127875,33956.0
372,2023-03-20,IF2306,3935.8,-0.0048,-0.004811556994400123,3938.2,-0.0046,-0.004610612555099904,19353.0
373,2023-03-21,IF2306,3980.0,0.0112,0.01113774442702064,3978.2,0.0101,0.01004933586656959,17687.0
374,2023-03-22,IF2306,3997.0,0.0042,0.00419120462096075,3993.0,0.0037,0.003693171839573405,17328.0
375,2023-03-23,IF2306,4038.6,0.0104,0.01034629206850166,4032.2,0.0098,0.009752291455478389,20605.0
376,2023-03-24,IF2306,4034.2,-0.001,-0.001000500333496226,4028.6,-0.0008,-0.0008003201707203841,13750.0
377,2023-03-27,IF2306,4010.6,-0.0058,-0.005816885317393266,4010.0,-0.0046,-0.004610612555099904,17651.0
378,2023-03-28,IF2306,4002.6,-0.0019,-0.001901807289205096,4002.8,-0.0017,-0.001701446639452333,14318.0
379,2023-03-29,IF2306,4001.6,-0.0002,-0.0002000200026706507,4007.0,0.001,0.000999500333259185,14398.0
380,2023-03-30,IF2306,4046.0,0.011,0.01093994005433318,4038.8,0.0079,0.007868958387130632,23213.0
381,2023-03-31,IF2306,4057.4,0.0028,0.002796087303153064,4054.6,0.0039,0.003892414717506698,16603.0
382,2023-04-03,IF2306,4084.0,0.0065,0.006478966103492241,4087.8,0.0081,0.008067371086612532,18094.0
383,2023-04-04,IF2306,4105.4,0.0052,0.005186526691058694,4097.2,0.0022,0.002197583544219809,15499.0
384,2023-04-06,IF2306,4091.6,-0.0033,-0.00330545700743802,4089.6,-0.0018,-0.001801621946281291,12477.0
385,2023-04-07,IF2306,4120.8,0.0071,0.007074913678822432,4123.6,0.0083,0.008265744426314394,15481.0
386,2023-04-10,IF2306,4105.2,-0.0037,-0.003706861929686898,4107.2,-0.0039,-0.003907624829186111,15828.0
387,2023-04-11,IF2306,4096.8,-0.002,-0.002002002670234889,4092.2,-0.0036,-0.003606495592563863,14615.0
388,2023-04-12,IF2306,4094.0,-0.0006,-0.0006001800720116853,4092.2,0.0,0.0,11538.0
389,2023-04-13,IF2306,4069.0,-0.0061,-0.006118681003549901,4070.8,-0.0052,-0.005213567049556946,15106.0
390,2023-04-14,IF2306,4091.2,0.0054,0.005385472280380148,4088.8,0.0044,0.004390348304018282,15870.0
391,2023-04-17,IF2306,4151.0,0.0146,0.01449444617800637,4142.2,0.013,0.01291622528861112,22713.0
392,2023-04-18,IF2306,4160.0,0.0021,0.002097798082817958,4161.2,0.0045,0.004489905275697636,18411.0
393,2023-04-19,IF2306,4125.2,-0.0083,-0.00833463678137833,4130.6,-0.0073,-0.007326775379777697,17447.0
394,2023-04-20,IF2306,4108.0,-0.0041,-0.004108428042510367,4107.6,-0.0055,-0.005515180684370805,17107.0
395,2023-04-21,IF2306,4031.0,-0.0187,-0.01887705572588895,4039.4,-0.0166,-0.01673932396957513,26736.0
396,2023-04-24,IF2309,3944.6,-0.0119,-0.01197137176327052,3939.4,-0.016,-0.01612938189758129,9166.0
397,2023-04-25,IF2309,3927.6,-0.0043,-0.00430927158585322,3923.2,-0.0041,-0.004108428042510367,8490.0
398,2023-04-26,IF2309,3924.0,-0.0009,-0.0009004052430974332,3927.0,0.0009,0.0008995952429823644,5435.0
399,2023-04-27,IF2309,3959.6,0.009,0.00895974138232823,3957.4,0.0077,0.007670506312246665,5760.0
400,2023-04-28,IF2309,3993.8,0.0086,0.008563230670429944,3989.6,0.0081,0.008067371086612532,5594.0
401,2023-05-04,IF2309,3994.8,0.0002,0.0001999800026803748,3990.8,0.0003,0.0002999550090230824,5652.0
402,2023-05-05,IF2309,3977.2,-0.0044,-0.004409708486344776,3977.4,-0.0033,-0.00330545700743802,6501.0
403,2023-05-08,IF2309,4015.8,0.0097,0.009653257040687141,4017.4,0.01,0.00995033086647786,7788.0
404,2023-05-09,IF2309,3983.8,-0.0079,-0.007931370318430128,3997.0,-0.005,-0.005012541820473292,10788.0
405,2023-05-10,IF2309,3956.8,-0.0067,-0.006722545755218108,3957.8,-0.0098,-0.009848336042664727,9121.0
406,2023-05-11,IF2309,3949.4,-0.0018,-0.001801621946281291,3953.2,-0.0011,-0.001100605443922473,5065.0
407,2023-05-12,IF2309,3897.2,-0.0132,-0.01328789430485926,3905.2,-0.0121,-0.01217380091315078,11229.0
408,2023-05-15,IF2309,3966.6,0.0178,0.01764343521271745,3958.4,0.0136,0.01350835004885078,11889.0
409,2023-05-16,IF2309,3951.8,-0.0037,-0.003706861929686898,3945.0,-0.0033,-0.00330545700743802,8580.0
410,2023-05-17,IF2309,3924.0,-0.007,-0.007024614930830135,3922.4,-0.0057,-0.005716306992084304,9635.0
411,2023-05-18,IF2309,3917.8,-0.0015,-0.001501126126037304,3913.6,-0.0022,-0.00220242355466003,10248.0
412,2023-05-19,IF2309,3914.2,-0.0009,-0.0009004052430974332,3914.6,0.0002,0.0001999800026803748,11321.0
413,2023-05-22,IF2309,3928.8,0.0037,0.003693171839573405,3932.8,0.0046,0.004589452336775623,13158.0
414,2023-05-23,IF2309,3869.8,-0.015,-0.01511363778160299,3885.8,-0.0119,-0.01197137176327052,15112.0
415,2023-05-24,IF2309,3821.8,-0.0124,-0.01247752149162374,3830.6,-0.0142,-0.01430178468533753,16666.0
416,2023-05-25,IF2309,3809.8,-0.0031,-0.003104814952350085,3800.6,-0.0078,-0.007830579107539315,15398.0
417,2023-05-26,IF2309,3818.2,0.0022,0.002197583544219809,3817.8,0.0045,0.004489905275697636,17621.0
418,2023-05-29,IF2309,3803.0,-0.0039,-0.003907624829186111,3799.2,-0.0048,-0.004811556994400123,13292.0
419,2023-05-30,IF2309,3804.8,0.0004,0.0003999200213656698,3798.0,-0.0003,-0.0003000450090034531,16049.0
420,2023-05-31,IF2309,3772.4,-0.0085,-0.008536331013177186,3771.0,-0.0071,-0.007125324936273927,14145.0
421,2023-06-01,IF2309,3780.8,0.0022,0.002197583544219809,3782.6,0.003,0.002995508981110782,16696.0
422,2023-06-02,IF2309,3830.4,0.0131,0.01301493709988623,3835.8,0.014,0.0139029051944224,15676.0
423,2023-06-05,IF2309,3811.0,-0.005,-0.005012541820473292,3810.6,-0.0065,-0.00652121698499426,12335.0
424,2023-06-06,IF2309,3770.0,-0.0107,-0.01075765663845783,3779.8,-0.008,-0.008032171689210653,17516.0
425,2023-06-07,IF2309,3757.0,-0.0034,-0.003405793133460517,3755.8,-0.0063,-0.006319928739875291,15711.0
426,2023-06-08,IF2309,3784.0,0.0071,0.007074913678822432,3781.6,0.0068,0.006776984285334279,19188.0
427,2023-06-09,IF2309,3806.2,0.0058,0.005783244760367429,3802.6,0.0055,0.005484930234757665,15425.0
428,2023-06-12,IF2309,3806.0,0.0,0.0,3816.4,0.0036,0.003593535511986358,19888.0
429,2023-06-13,IF2309,3833.6,0.0072,0.00717420375504914,3831.4,0.0039,0.003892414717506698,22069.0
430,2023-06-14,IF2309,3833.2,-0.0001,-0.0001000050003364662,3836.4,0.0013,0.001299155731899792,24181.0
431,2023-06-15,IF2309,3896.4,0.0164,0.0162669724982439,3890.2,0.014,0.0139029051944224,23476.0
432,2023-06-16,IF2309,3938.6,0.0108,0.01074209654734448,3942.8,0.0135,0.0134096869336385,24677.0
433,2023-06-19,IF2309,3913.0,-0.0064,-0.00642056779781636,3914.0,-0.0073,-0.007326775379777697,16316.0
434,2023-06-20,IF2309,3901.2,-0.003,-0.003004509019245997,3902.6,-0.0029,-0.002904213146410412,15482.0
435,2023-06-21,IF2309,3840.6,-0.0155,-0.01562138087261094,3853.2,-0.0126,-0.01268005313725309,20951.0
436,2023-06-26,IF2309,3802.8,-0.0098,-0.009848336042664727,3797.6,-0.0144,-0.01450468617664253,21303.0
437,2023-06-27,IF2309,3826.0,0.0061,0.006081470320982859,3830.2,0.0085,0.008464078421848958,15578.0
438,2023-06-28,IF2309,3830.6,0.0012,0.001199280575724596,3826.8,-0.0008,-0.0008003201707203841,15580.0
439,2023-06-29,IF2309,3814.2,-0.0042,-0.00420884477191699,3819.6,-0.0018,-0.001801621946281291,13417.0
440,2023-06-30,IF2309,3836.0,0.0057,0.005683816472784537,3839.0,0.005,0.004987541514523944,15680.0
441,2023-07-03,IF2309,3881.6,0.0118,0.01173092289401547,3882.0,0.0112,0.01113774442702064,17241.0
442,2023-07-04,IF2309,3887.8,0.0015,0.001498876124097972,3884.4,0.0006,0.0005998200720414877,10308.0
443,2023-07-05,IF2309,3856.6,-0.008,-0.008032171689210653,3859.8,-0.0063,-0.006319928739875291,13632.0
444,2023-07-06,IF2309,3829.2,-0.0071,-0.007125324936273927,3829.8,-0.0077,-0.007729798054490364,16245.0
445,2023-07-07,IF2309,3815.6,-0.0035,-0.003506139327828813,3819.0,-0.0028,-0.002803927331825522,16961.0
446,2023-07-10,IF2309,3834.2,0.0048,0.004788516735018682,3833.4,0.0037,0.003693171839573405,16004.0
447,2023-07-11,IF2309,3859.8,0.0066,0.006578315366078994,3858.8,0.0066,0.006578315366078994,17052.0
448,2023-07-12,IF2309,3837.0,-0.0059,-0.005917473759716739,3838.4,-0.0052,-0.005213567049556946,16317.0
449,2023-07-13,IF2309,3904.4,0.0175,0.01734863837347121,3901.0,0.0163,0.01616858119555961,20828.0
450,2023-07-14,IF2309,3902.0,-0.0006,-0.0006001800720116853,3903.0,0.0005,0.0004998750417060377,13316.0
451,2023-07-17,IF2309,3865.8,-0.0092,-0.009242581356239083,3862.8,-0.0102,-0.01025237645118086,17629.0
452,2023-07-18,IF2309,3861.0,-0.0012,-0.001200720576382487,3861.4,-0.0003,-0.0003000450090034531,16542.0
453,2023-07-19,IF2309,3862.6,0.0004,0.0003999200213656698,3858.8,-0.0006,-0.0006001800720116853,19435.0
454,2023-07-20,IF2309,3833.0,-0.0076,-0.007629027157236043,3841.8,-0.0044,-0.004409708486344776,26116.0
455,2023-07-21,IF2309,3840.0,0.0018,0.001798381941884577,3837.2,-0.0011,-0.001100605443922473,24111.0
456,2023-07-24,IF2312,3831.2,-0.0053,-0.005314094820304613,3828.8,-0.0057,-0.005716306992084304,4222.0
457,2023-07-25,IF2312,3943.6,0.0293,0.02887895964972223,3939.6,0.0289,0.02849027049663466,7131.0
458,2023-07-26,IF2312,3934.0,-0.0024,-0.002402884615657939,3931.6,-0.002,-0.002002002670234889,3919.0
459,2023-07-27,IF2312,3928.6,-0.0013,-0.001300845732883183,3924.4,-0.0018,-0.001801621946281291,5232.0
460,2023-07-28,IF2312,4030.0,0.0258,0.02547279605246294,4027.0,0.0261,0.02576520796711252,8496.0
461,2023-07-31,IF2312,4052.0,0.0054,0.005385472280380148,4055.4,0.007,0.006975613743099824,8724.0
462,2023-08-01,IF2312,4039.6,-0.003,-0.003004509019245997,4036.0,-0.0047,-0.004711079727417859,6131.0
463,2023-08-02,IF2312,4008.0,-0.0078,-0.007830579107539315,4006.2,-0.0073,-0.007326775379777697,8795.0
464,2023-08-03,IF2312,4039.2,0.0077,0.007670506312246665,4033.2,0.0067,0.0066776547593728,6480.0
465,2023-08-04,IF2312,4056.8,0.0043,0.004290781419764028,4063.4,0.0074,0.007372754336845742,11846.0
466,2023-08-07,IF2312,4038.0,-0.0046,-0.004610612555099904,4029.8,-0.0082,-0.008233804918635354,6559.0
467,2023-08-08,IF2312,4024.0,-0.0034,-0.003405793133460517,4024.6,-0.0012,-0.001200720576382487,6765.0
468,2023-08-09,IF2312,4021.4,-0.0006,-0.0006001800720116853,4017.8,-0.0016,-0.001601281366707685,4988.0
469,2023-08-10,IF2312,4021.0,0.0,0.0,4021.6,0.0009,0.0008995952429823644,7653.0
470,2023-08-11,IF2312,3917.8,-0.0256,-0.02593338194696727,3936.8,-0.021,-0.02122363639686125,15985.0
471,2023-08-14,IF2312,3895.6,-0.0056,-0.005615738781754949,3896.0,-0.0103,-0.01035341206605968,12045.0
472,2023-08-15,IF2312,3891.0,-0.0011,-0.001100605443922473,3885.4,-0.0027,-0.002703651573474129,11864.0
473,2023-08-16,IF2312,3860.4,-0.0078,-0.007830579107539315,3867.2,-0.0046,-0.004610612555099904,10106.0
474,2023-08-17,IF2312,3876.4,0.0041,0.004091617905633737,3873.0,0.0014,0.001399020914026943,12241.0
475,2023-08-18,IF2312,3818.0,-0.015,-0.01511363778160299,3834.6,-0.0099,-0.009949330841266958,14530.0
476,2023-08-21,IF2312,3762.2,-0.0146,-0.01470762884530891,3778.8,-0.0145,-0.01460615236276099,18687.0
477,2023-08-22,IF2312,3787.6,0.0067,0.0066776547593728,3785.2,0.0016,0.001598721364104202,21449.0
478,2023-08-23,IF2312,3726.0,-0.0162,-0.01633265458779717,3737.2,-0.0126,-0.01268005313725309,19410.0
479,2023-08-24,IF2312,3750.6,0.0066,0.006578315366078994,3760.0,0.0061,0.006081470320982859,17281.0
480,2023-08-25,IF2312,3748.2,-0.0006,-0.0006001800720116853,3743.6,-0.0043,-0.00430927158585322,17746.0
481,2023-08-28,IF2312,3786.6,0.0102,0.01014833106564402,3789.8,0.0123,0.01222496964240827,33521.0
482,2023-08-29,IF2312,3830.8,0.0116,0.01153323583139667,3833.8,0.0116,0.01153323583139667,27203.0
483,2023-08-30,IF2312,3824.0,-0.0017,-0.001701446639452333,3830.6,-0.0008,-0.0008003201707203841,16814.0
484,2023-08-31,IF2312,3806.8,-0.0044,-0.004409708486344776,3807.0,-0.0061,-0.006118681003549901,14403.0
485,2023-09-01,IF2312,3826.4,0.0051,0.005087039052177698,3823.4,0.0043,0.004290781419764028,13368.0
486,2023-09-04,IF2312,3888.8,0.0163,0.01616858119555961,3882.0,0.0153,0.01518413535516637,19693.0
487,2023-09-05,IF2312,3855.4,-0.0085,-0.008536331013177186,3853.2,-0.0074,-0.00742751582192534,16569.0
488,2023-09-06,IF2312,3847.0,-0.0021,-0.002102208091382417,3847.4,-0.0015,-0.001501126126037304,16542.0
489,2023-09-07,IF2312,3790.2,-0.0147,-0.01480911562637631,3795.0,-0.0136,-0.01369332710857592,21711.0
490,2023-09-08,IF2312,3768.4,-0.0057,-0.005716306992084304,3769.0,-0.0068,-0.006823225342344205,17416.0
491,2023-09-11,IF2312,3794.8,0.007,0.006975613743099824,3796.2,0.0072,0.00717420375504914,23560.0
492,2023-09-12,IF2312,3791.8,-0.0007,-0.0007002451143599703,3790.4,-0.0015,-0.001501126126037304,22632.0
493,2023-09-13,IF2312,3762.6,-0.0077,-0.007729798054490364,3755.4,-0.0092,-0.009242581356239083,28302.0
494,2023-09-14,IF2312,3757.2,-0.0014,-0.001400980915432082,3748.8,-0.0017,-0.001701446639452333,25778.0
495,2023-09-15,IF2312,3742.6,-0.0038,-0.00380723834122009,3731.0,-0.0047,-0.004711079727417859,30041.0
496,2023-09-18,IF2312,3759.0,0.0043,0.004290781419764028,3757.4,0.007,0.006975613743099824,22799.0
497,2023-09-19,IF2312,3752.2,-0.0018,-0.001801621946281291,3750.2,-0.0019,-0.001901807289205096,16211.0
498,2023-09-20,IF2312,3735.8,-0.0043,-0.00430927158585322,3741.2,-0.0023,-0.002302649062080683,12691.0
499,2023-09-21,IF2312,3698.0,-0.0101,-0.0101513510434638,3707.4,-0.009,-0.009040744641920905,21959.0
500,2023-09-22,IF2312,3779.8,0.0221,0.02185933441290156,3768.2,0.0163,0.01616858119555961,26846.0
501,2023-09-25,IF2312,3749.8,-0.0079,-0.007931370318430128,3747.0,-0.0056,-0.005615738781754949,15006.0
502,2023-09-26,IF2312,3730.8,-0.005,-0.005012541820473292,3730.2,-0.0044,-0.004409708486344776,12503.0
503,2023-09-27,IF2312,3742.0,0.003,0.002995508981110782,3743.8,0.0036,0.003593535511986358,20683.0
504,2023-09-28,IF2312,3721.0,-0.0056,-0.005615738781754949,3721.6,-0.0059,-0.005917473759716739,15594.0
505,2023-10-09,IF2312,3709.4,-0.0031,-0.003104814952350085,3711.2,-0.0027,-0.002703651573474129,21096.0
506,2023-10-10,IF2312,3680.0,-0.0079,-0.007931370318430128,3682.4,-0.0077,-0.007729798054490364,18031.0
507,2023-10-11,IF2312,3687.2,0.0019,0.001898197283638388,3687.8,0.0014,0.001399020914026943,19013.0
508,2023-10-12,IF2312,3727.4,0.0109,0.01084102319359429,3724.8,0.01,0.00995033086647786,21773.0
509,2023-10-13,IF2312,3689.0,-0.0103,-0.01035341206605968,3686.8,-0.0102,-0.01025237645118086,17870.0
510,2023-10-16,IF2312,3641.8,-0.0127,-0.0127813343442919,3642.0,-0.0121,-0.01217380091315078,22676.0
511,2023-10-17,IF2312,3654.8,0.0035,0.003493889256014898,3651.8,0.0026,0.002596625848267635,19477.0
512,2023-10-18,IF2312,3625.6,-0.0079,-0.007931370318430128,3626.0,-0.007,-0.007024614930830135,23648.0
513,2023-10-19,IF2312,3542.4,-0.0229,-0.02316627796727169,3550.4,-0.0208,-0.02101936717030384,36828.0
514,2023-10-20,IF2312,3525.4,-0.0047,-0.004711079727417859,3519.8,-0.0086,-0.008637193386335703,33385.0
515,2023-10-23,IF2403,3489.6,-0.016,-0.01612938189758129,3485.6,-0.015,-0.01511363778160299,10257.0
516,2023-10-24,IF2403,3512.8,0.0066,0.006578315366078994,3515.4,0.0085,0.008464078421848958,7237.0
517,2023-10-25,IF2403,3529.2,0.0046,0.004589452336775623,3535.6,0.0057,0.005683816472784537,8097.0
518,2023-10-26,IF2403,3544.6,0.0043,0.004290781419764028,3536.8,0.0003,0.0002999550090230824,5509.0
519,2023-10-27,IF2403,3601.6,0.016,0.01587334918908995,3605.8,0.0195,0.01931231107997316,7084.0
520,2023-10-30,IF2403,3613.2,0.0032,0.0031948908980026,3617.8,0.0033,0.003294566951002754,5342.0
521,2023-10-31,IF2403,3606.6,-0.0018,-0.001801621946281291,3602.4,-0.0042,-0.00420884477191699,3950.0
522,2023-11-01,IF2403,3602.0,-0.0012,-0.001200720576382487,3602.8,0.0001,9.999500033904724e-05,4928.0
523,2023-11-02,IF2403,3585.4,-0.0046,-0.004610612555099904,3588.8,-0.0038,-0.00380723834122009,4014.0
524,2023-11-03,IF2403,3617.0,0.0088,0.008761505678967125,3621.0,0.0089,0.008860628442820704,6616.0
525,2023-11-06,IF2403,3666.0,0.0135,0.0134096869336385,3661.8,0.0112,0.01113774442702064,6555.0
526,2023-11-07,IF2403,3657.0,-0.0024,-0.002402884615657939,3660.2,-0.0004,-0.0004000800213363738,5205.0
527,2023-11-08,IF2403,3640.6,-0.0044,-0.004409708486344776,3631.6,-0.0078,-0.007830579107539315,6283.0
528,2023-11-09,IF2403,3642.4,0.0004,0.0003999200213656698,3639.2,0.002,0.001998002663286734,6190.0
529,2023-11-10,IF2403,3612.0,-0.0083,-0.00833463678137833,3611.4,-0.0076,-0.007629027157236043,6730.0
530,2023-11-13,IF2403,3609.2,-0.0007,-0.0007002451143599703,3602.8,-0.0023,-0.002302649062080683,7391.0
531,2023-11-14,IF2403,3609.8,0.0001,9.999500033904724e-05,3605.2,0.0006,0.0005998200720414877,7558.0
532,2023-11-15,IF2403,3634.6,0.0068,0.006776984285334279,3629.2,0.0066,0.006578315366078994,10624.0
533,2023-11-16,IF2403,3596.2,-0.0105,-0.01055551392555438,3603.4,-0.0071,-0.007125324936273927,10179.0
534,2023-11-17,IF2403,3586.8,-0.0026,-0.002603385869339642,3583.0,-0.0056,-0.005615738781754949,11578.0
535,2023-11-20,IF2403,3599.4,0.0035,0.003493889256014898,3598.0,0.0041,0.004091617905633737,13246.0
536,2023-11-21,IF2403,3602.6,0.0008,0.0007996801706838462,3603.4,0.0015,0.001498876124097972,15717.0
537,2023-11-22,IF2403,3563.0,-0.0109,-0.01095984022128959,3569.0,-0.0095,-0.0095454128321211,11347.0
538,2023-11-23,IF2403,3585.8,0.0063,0.006280237962594482,3581.6,0.0035,0.003493889256014898,11770.0
539,2023-11-24,IF2403,3556.4,-0.0081,-0.008132983221929365,3554.0,-0.0077,-0.007729798054490364,11440.0
540,2023-11-27,IF2403,3529.4,-0.0075,-0.007528266413729625,3525.8,-0.0079,-0.007931370318430128,13222.0
541,2023-11-28,IF2403,3533.6,0.0011,0.001099395443508839,3531.0,0.0014,0.001399020914026943,9338.0
542,2023-11-29,IF2403,3506.0,-0.0078,-0.007830579107539315,3498.8,-0.0091,-0.009141657906823834,11198.0
543,2023-11-30,IF2403,3511.0,0.0014,0.001399020914026943,3508.6,0.0028,0.002796087303153064,12183.0
544,2023-12-01,IF2403,3494.8,-0.0046,-0.004610612555099904,3496.6,-0.0034,-0.003405793133460517,17471.0
545,2023-12-04,IF2403,3466.0,-0.0082,-0.008233804918635354,3470.8,-0.0073,-0.007326775379777697,13415.0
546,2023-12-05,IF2403,3378.6,-0.0252,-0.02552295715383766,3402.6,-0.0196,-0.01979462728021142,21402.0
547,2023-12-06,IF2403,3387.2,0.0025,0.002496880199517687,3396.2,-0.0018,-0.001801621946281291,24019.0
548,2023-12-07,IF2403,3386.0,-0.0003,-0.0003000450090034531,3389.8,-0.0018,-0.001801621946281291,21189.0
549,2023-12-08,IF2403,3393.0,0.002,0.001998002663286734,3395.0,0.0015,0.001498876124097972,18440.0
550,2023-12-11,IF2403,3423.4,0.0089,0.008860628442820704,3418.0,0.0067,0.0066776547593728,26184.0
551,2023-12-12,IF2403,3433.2,0.0028,0.002796087303153064,3430.0,0.0035,0.003493889256014898,20715.0
552,2023-12-13,IF2403,3363.6,-0.0202,-0.0204068097268273,3373.6,-0.0164,-0.01653596860619223,25988.0
553,2023-12-14,IF2403,3346.8,-0.0049,-0.004912044358075472,3354.4,-0.0056,-0.005615738781754949,27001.0
554,2023-12-15,IF2403,3343.4,-0.001,-0.001000500333496226,3340.2,-0.0042,-0.00420884477191699,36567.0
555,2023-12-18,IF2403,3339.8,-0.001,-0.001000500333496226,3336.6,-0.001,-0.001000500333496226,20225.0
556,2023-12-19,IF2403,3350.6,0.0032,0.0031948908980026,3340.6,0.0011,0.001099395443508839,18844.0
557,2023-12-20,IF2403,3317.4,-0.0099,-0.009949330841266958,3325.6,-0.0044,-0.004409708486344776,20753.0
558,2023-12-21,IF2403,3356.2,0.0116,0.01153323583139667,3356.6,0.0093,0.009257021274244246,25156.0
559,2023-12-22,IF2403,3362.6,0.0019,0.001898197283638388,3361.4,0.0014,0.001399020914026943,26723.0
560,2023-12-25,IF2403,3371.0,0.0024,0.002397124600583412,3370.6,0.0027,0.002696361548818034,13338.0
561,2023-12-26,IF2403,3348.0,-0.0068,-0.006823225342344205,3348.0,-0.0067,-0.006722545755218108,16066.0
562,2023-12-27,IF2403,3357.0,0.0026,0.002596625848267635,3358.0,0.0029,0.002895803113256316,18598.0
563,2023-12-28,IF2403,3449.8,0.0276,0.02722598634310423,3446.2,0.0262,0.02586265960736727,32560.0
564,2023-12-29,IF2403,3456.4,0.0019,0.001898197283638388,3455.8,0.0027,0.002696361548818034,21829.0
565,2024-01-02,IF2403,3402.0,-0.0157,-0.01582455031584968,3409.4,-0.0134,-0.0134905901597525,20759.0
566,2024-01-03,IF2403,3396.0,-0.0017,-0.001701446639452333,3395.0,-0.0042,-0.00420884477191699,18072.0
567,2024-01-04,IF2403,3360.0,-0.0106,-0.01065658017429783,3356.4,-0.0113,-0.0113643300628678,25313.0
568,2024-01-05,IF2403,3339.2,-0.0061,-0.006118681003549901,3335.8,-0.0061,-0.006118681003549901,28731.0
569,2024-01-08,IF2403,3278.4,-0.0182,-0.0183676573166295,3291.6,-0.0132,-0.01328789430485926,29609.0
570,2024-01-09,IF2403,3293.6,0.0046,0.004589452336775623,3290.8,-0.0002,-0.0002000200026706507,24031.0
571,2024-01-10,IF2403,3280.4,-0.004,-0.004008021395608239,3286.2,-0.0013,-0.001300845732883183,25282.0
572,2024-01-11,IF2403,3306.4,0.0079,0.007868958387130632,3307.0,0.0063,0.006280237962594482,26038.0
573,2024-01-12,IF2403,3293.2,-0.0039,-0.003907624829186111,3297.8,-0.0027,-0.002703651573474129,21412.0
574,2024-01-15,IF2403,3285.4,-0.0023,-0.002302649062080683,3286.6,-0.0033,-0.00330545700743802,23960.0
575,2024-01-16,IF2403,3303.2,0.0054,0.005385472280380148,3290.6,0.0012,0.001199280575724596,35322.0
576,2024-01-17,IF2403,3218.2,-0.0257,-0.02603601447072839,3240.8,-0.0151,-0.01521516577765956,40056.0
577,2024-01-18,IF2403,3236.0,0.0055,0.005484930234757665,3212.2,-0.0088,-0.008838948657431425,54895.0
578,2024-01-19,IF2403,3240.8,0.0014,0.001399020914026943,3240.0,0.0086,0.008563230670429944,44210.0
579,2024-01-22,IF2406,3142.2,-0.0261,-0.02644664993255257,3161.8,-0.0199,-0.02010067165760995,24352.0
580,2024-01-23,IF2406,3186.6,0.0141,0.01400151966159307,3195.2,0.0105,0.01044525787616376,19339.0
581,2024-01-24,IF2406,3243.0,0.0176,0.01744691364299828,3223.6,0.0088,0.008761505678967125,19724.0
582,2024-01-25,IF2406,3318.2,0.0231,0.02283723396782419,3313.6,0.0279,0.02751788612796659,20519.0
583,2024-01-26,IF2406,3314.6,-0.001,-0.001000500333496226,3316.2,0.0007,0.0006997551143687224,16900.0
584,2024-01-29,IF2406,3272.6,-0.0126,-0.01268005313725309,3285.6,-0.0092,-0.009242581356239083,16864.0
585,2024-01-30,IF2406,3215.4,-0.0174,-0.01755315920951775,3229.8,-0.0169,-0.01704443457329599,15098.0
586,2024-01-31,IF2406,3181.8,-0.0104,-0.01045445789016305,3191.0,-0.012,-0.01207258121601675,19256.0
587,2024-02-01,IF2406,3181.0,-0.0002,-0.0002000200026706507,3187.4,-0.0011,-0.001100605443922473,17689.0
588,2024-02-02,IF2406,3130.2,-0.0159,-0.01602776104529063,3116.8,-0.0221,-0.02234786360354516,23079.0
589,2024-02-05,IF2406,3098.0,-0.0102,-0.01025237645118086,3121.0,0.0013,0.001299155731899792,26150.0
590,2024-02-06,IF2406,3264.0,0.0535,0.05211795450360997,3246.8,0.0403,0.03950913326153801,27839.0
591,2024-02-07,IF2406,3295.0,0.0094,0.0093560949358342,3274.4,0.0085,0.008464078421848958,30599.0
592,2024-02-08,IF2406,3328.8,0.0102,0.01014833106564402,3323.4,0.0149,0.01479008550127918,29112.0
593,2024-02-19,IF2406,3352.4,0.007,0.006975613743099824,3351.6,0.0084,0.008364916341127156,23516.0
594,2024-02-20,IF2406,3360.6,0.0024,0.002397124600583412,3361.2,0.0028,0.002796087303153064,20028.0
595,2024-02-21,IF2406,3435.8,0.0223,0.02205499084183903,3450.2,0.0264,0.02605753440204063,36110.0
596,2024-02-22,IF2406,3465.6,0.0086,0.008563230670429944,3459.4,0.0026,0.002596625848267635,19287.0
597,2024-02-23,IF2406,3470.2,0.0013,0.001299155731899792,3470.4,0.0031,0.003095204908699088,21440.0
598,2024-02-26,IF2406,3427.2,-0.0123,-0.01237627104887925,3435.6,-0.01,-0.01005033584084634,23853.0
599,2024-02-27,IF2406,3479.8,0.0153,0.01518413535516637,3465.4,0.0086,0.008563230670429944,21658.0
600,2024-02-28,IF2406,3437.0,-0.0122,-0.01227503085674672,3457.6,-0.0022,-0.00220242355466003,32302.0
601,2024-02-29,IF2406,3498.2,0.0178,0.01764343521271745,3486.4,0.0083,0.008265744426314394,30115.0
602,2024-03-01,IF2406,3523.6,0.0072,0.00717420375504914,3522.8,0.0104,0.01034629206850166,24228.0
603,2024-03-04,IF2406,3510.4,-0.0037,-0.003706861929686898,3511.8,-0.0031,-0.003104814952350085,19086.0
604,2024-03-05,IF2406,3518.2,0.0022,0.002197583544219809,3519.2,0.0021,0.002097798082817958,25173.0
605,2024-03-06,IF2406,3518.2,0.0,0.0,3526.2,0.0019,0.001898197283638388,25563.0
606,2024-03-07,IF2406,3497.2,-0.0059,-0.005917473759716739,3501.2,-0.007,-0.007024614930830135,22986.0
607,2024-03-08,IF2406,3508.6,0.0032,0.0031948908980026,3508.6,0.0021,0.002097798082817958,20013.0
608,2024-03-11,IF2406,3552.0,0.0123,0.01222496964240827,3539.4,0.0087,0.008662373088819673,23696.0
609,2024-03-12,IF2406,3568.4,0.0046,0.004589452336775623,3567.8,0.008,0.007968169657820245,29664.0
610,2024-03-13,IF2406,3548.6,-0.0055,-0.005515180684370805,3551.4,-0.0045,-0.004510155475417986,23335.0
611,2024-03-14,IF2406,3539.2,-0.0026,-0.002603385869339642,3533.2,-0.0051,-0.00511304938362358,27043.0
612,2024-03-15,IF2406,3552.2,0.0036,0.003593535511986358,3543.8,0.003,0.002995508981110782,25170.0
613,2024-03-18,IF2406,3581.8,0.0083,0.008265744426314394,3577.4,0.0094,0.0093560949358342,20888.0
614,2024-03-19,IF2406,3557.8,-0.0067,-0.006722545755218108,3561.6,-0.0044,-0.004409708486344776,19966.0
615,2024-03-20,IF2406,3561.8,0.0011,0.001099395443508839,3564.8,0.0008,0.0007996801706838462,17293.0
616,2024-03-21,IF2406,3561.2,-0.0001,-0.0001000050003364662,3567.6,0.0007,0.0006997551143687224,19363.0
617,2024-03-22,IF2406,3512.8,-0.0135,-0.01359195349638155,3518.4,-0.0137,-0.01379471099841928,28519.0
618,2024-03-25,IF2406,3505.4,-0.0021,-0.002102208091382417,3510.2,-0.0023,-0.002302649062080683,23128.0
619,2024-03-26,IF2406,3518.6,0.0037,0.003693171839573405,3521.6,0.0032,0.0031948908980026,20956.0
620,2024-03-27,IF2406,3479.8,-0.011,-0.01106094734409382,3497.4,-0.0068,-0.006823225342344205,23175.0
621,2024-03-28,IF2406,3498.2,0.0052,0.005186526691058694,3502.4,0.0014,0.001399020914026943,30608.0
622,2024-03-29,IF2406,3514.0,0.0045,0.004489905275697636,3509.4,0.0019,0.001898197283638388,18027.0
623,2024-04-01,IF2406,3577.0,0.0179,0.01774168151670442,3575.8,0.0189,0.0187236140430034,26556.0
624,2024-04-02,IF2406,3568.6,-0.0023,-0.002302649062080683,3564.0,-0.0032,-0.003205130947741084,18156.0
625,2024-04-03,IF2406,3555.6,-0.0036,-0.003606495592563863,3554.4,-0.0026,-0.002603385869339642,16845.0
626,2024-04-08,IF2406,3518.4,-0.0104,-0.01045445789016305,3519.8,-0.0097,-0.009747351442979363,20789.0
627,2024-04-09,IF2406,3516.6,-0.0005,-0.0005001250416715135,3515.0,-0.0013,-0.001300845732883183,17029.0
628,2024-04-10,IF2406,3489.6,-0.0076,-0.007629027157236043,3483.0,-0.0091,-0.009141657906823834,24312.0
629,2024-04-11,IF2406,3486.2,-0.0009,-0.0009004052430974332,3482.8,0.0,0.0,22788.0
630,2024-04-12,IF2406,3450.8,-0.0101,-0.0101513510434638,3455.0,-0.0079,-0.007931370318430128,22424.0
631,2024-04-15,IF2406,3520.0,0.02,0.01980262734607798,3508.6,0.0155,0.01538110206918235,36585.0
632,2024-04-16,IF2406,3484.2,-0.0101,-0.0101513510434638,3489.0,-0.0055,-0.005515180684370805,30007.0
633,2024-04-17,IF2406,3543.2,0.0169,0.01675878385133649,3537.4,0.0138,0.01370564708085238,32670.0
634,2024-04-18,IF2406,3552.8,0.0027,0.002696361548818034,3561.2,0.0067,0.0066776547593728,32873.0
635,2024-04-19,IF2406,3527.2,-0.0072,-0.007226045085241941,3523.8,-0.0105,-0.01055551392555438,26747.0
636,2024-04-22,IF2409,3482.8,-0.0016,-0.001601281366707685,3483.2,-0.0009,-0.0009004052430974332,10490.0
637,2024-04-23,IF2409,3459.2,-0.0067,-0.006722545755218108,3460.4,-0.0065,-0.00652121698499426,10321.0
638,2024-04-24,IF2409,3475.0,0.0045,0.004489905275697636,3470.4,0.0028,0.002796087303153064,9341.0
639,2024-04-25,IF2409,3481.0,0.0017,0.001698556636036359,3475.6,0.0014,0.001399020914026943,9781.0
640,2024-04-26,IF2409,3538.2,0.0164,0.0162669724982439,3539.2,0.0182,0.01803636252793252,13644.0
641,2024-04-29,IF2409,3593.8,0.0157,0.01557802999496025,3594.6,0.0156,0.01547957087964623,17108.0
642,2024-04-30,IF2409,3564.8,-0.008,-0.008032171689210653,3569.4,-0.007,-0.007024614930830135,11683.0
643,2024-05-06,IF2409,3611.2,0.013,0.01291622528861112,3614.0,0.0124,0.01232374970898249,12243.0
644,2024-05-07,IF2409,3612.0,0.0002,0.0001999800026803748,3611.6,-0.0006,-0.0006001800720116853,8418.0
645,2024-05-08,IF2409,3579.0,-0.0091,-0.009141657906823834,3581.8,-0.0082,-0.008233804918635354,9400.0
646,2024-05-09,IF2409,3615.4,0.0101,0.01004933586656959,3614.4,0.0091,0.009058844499437165,11204.0
647,2024-05-10,IF2409,3614.6,-0.0002,-0.0002000200026706507,3611.4,-0.0008,-0.0008003201707203841,14934.0
648,2024-05-13,IF2409,3612.6,-0.0005,-0.0005001250416715135,3612.8,0.0003,0.0002999550090230824,13408.0
649,2024-05-14,IF2409,3606.2,-0.0017,-0.001701446639452333,3606.4,-0.0017,-0.001701446639452333,11369.0
650,2024-05-15,IF2409,3581.8,-0.0067,-0.006722545755218108,3582.2,-0.0067,-0.006722545755218108,12236.0
651,2024-05-16,IF2409,3587.2,0.0015,0.001498876124097972,3589.2,0.0019,0.001898197283638388,14409.0
652,2024-05-17,IF2409,3634.0,0.013,0.01291622528861112,3617.2,0.0078,0.007769737272590648,20531.0
653,2024-05-20,IF2409,3639.4,0.0014,0.001399020914026943,3638.8,0.0059,0.005882663162951342,17756.0
654,2024-05-21,IF2409,3628.2,-0.003,-0.003004509019245997,3621.0,-0.0048,-0.004811556994400123,13619.0
655,2024-05-22,IF2409,3630.4,0.0006,0.0005998200720414877,3634.4,0.0037,0.003693171839573405,14237.0
656,2024-05-23,IF2409,3593.8,-0.01,-0.01005033584084634,3589.0,-0.0124,-0.01247752149162374,20754.0
657,2024-05-24,IF2409,3555.8,-0.0105,-0.01055551392555438,3561.4,-0.0076,-0.007629027157236043,18740.0
658,2024-05-27,IF2409,3581.8,0.0073,0.00727348397373787,3577.6,0.0045,0.004489905275697636,13982.0
659,2024-05-28,IF2409,3561.0,-0.0058,-0.005816885317393266,3557.4,-0.0056,-0.005615738781754949,12940.0
660,2024-05-29,,,,,,,,
661,2024-05-30,IF2409,3549.4,-0.0029,-0.002904213146410412,3545.6,-0.0042,-0.00420884477191699,18549.0
662,2024-05-31,IF2409,3537.0,-0.0034,-0.003405793133460517,3537.6,-0.0022,-0.00220242355466003,14961.0
